timestamp,equipo,tipo,descripcion
2026-01-03 14:00:00,Planta completa,Preventiva mensual,"Limpieza de filtro, intercambiador y antena del radar; reapriete de borneras de instrumentación; lubricación de rodamientos"
2026-01-27 12:47:00,F-101 filtro de línea,Correctiva,Limpieza correctiva de filtro obstruido
2026-01-30 13:07:00,TK-101 radar de nivel,Correctiva,Limpieza de antena del radar por costra de asfalto
2026-02-07 14:00:00,Planta completa,Preventiva mensual,"Limpieza de filtro, intercambiador y antena del radar; secado y sellado del transmisor de caudal; cambio preventivo de rodamientos por vibración alta"
2026-02-09 11:53:00,TT-101 Pt100 betún,Correctiva,Reparación de cableado y borneras de la Pt100
2026-02-13 18:29:00,TK-101 caldera / calefactor de betún,Correctiva,Reparación de caldera / resistencia de calefacción del betún
2026-02-20 16:51:00,F-101 filtro de línea,Correctiva,Limpieza correctiva de filtro obstruido
2026-02-26 13:18:00,TK-101 radar de nivel,Correctiva,Limpieza de antena del radar por costra de asfalto
2026-03-07 14:00:00,Planta completa,Preventiva mensual,"Limpieza de filtro, intercambiador y antena del radar; reapriete de borneras de instrumentación; secado y sellado del transmisor de caudal; mantención de caldera; lubricación de rodamientos"
2026-03-30 12:49:00,TK-101 radar de nivel,Correctiva,Limpieza de antena del radar por costra de asfalto
2026-03-30 15:03:00,F-101 filtro de línea,Correctiva,Limpieza correctiva de filtro obstruido
2026-04-04 14:00:00,Planta completa,Preventiva mensual,"Limpieza de filtro, intercambiador y antena del radar; reapriete de borneras de instrumentación; secado y sellado del transmisor de caudal; mantención de caldera; lubricación de rodamientos"
2026-04-06 10:11:00,TK-101 caldera / calefactor de betún,Correctiva,Reparación de caldera / resistencia de calefacción del betún
2026-04-22 19:10:00,F-101 filtro de línea,Correctiva,Limpieza correctiva de filtro obstruido
2026-04-27 09:50:00,TK-101 radar de nivel,Correctiva,Limpieza de antena del radar por costra de asfalto
2026-04-30 19:10:00,E-301 intercambiador de calor,Correctiva,Limpieza química del intercambiador
2026-05-02 14:00:00,Planta completa,Preventiva mensual,"Limpieza de filtro, intercambiador y antena del radar; reapriete de borneras de instrumentación; mantención de caldera; cambio preventivo de rodamientos por vibración alta"
2026-05-05 19:17:00,FT-201 caudalímetro solución,Correctiva,Cambio de transmisor de caudal de solución por cortocircuito
2026-05-27 11:54:00,TK-101 radar de nivel,Correctiva,Limpieza de antena del radar por costra de asfalto
2026-05-27 17:46:00,F-101 filtro de línea,Correctiva,Limpieza correctiva de filtro obstruido
2026-06-02 18:11:00,E-301 intercambiador de calor,Correctiva,Limpieza química del intercambiador
2026-06-03 10:43:00,TT-101 Pt100 betún,Correctiva,Reparación de cableado y borneras de la Pt100
2026-06-06 14:00:00,Planta completa,Preventiva mensual,"Limpieza de filtro, intercambiador y antena del radar; reapriete de borneras de instrumentación; lubricación de rodamientos"
2026-06-09 16:12:00,FT-201 caudalímetro solución,Correctiva,Cambio de transmisor de caudal de solución por cortocircuito
2026-06-11 20:46:00,TK-101 caldera / calefactor de betún,Correctiva,Reparación de caldera / resistencia de calefacción del betún
2026-06-19 16:48:00,F-101 filtro de línea,Correctiva,Limpieza correctiva de filtro obstruido
2026-06-29 11:06:00,TK-101 radar de nivel,Correctiva,Limpieza de antena del radar por costra de asfalto
2026-07-04 14:00:00,Planta completa,Preventiva mensual,"Limpieza de filtro, intercambiador y antena del radar; mantención de caldera; lubricación de rodamientos"
2026-07-13 11:41:00,TT-101 Pt100 betún,Correctiva,Reparación de cableado y borneras de la Pt100
2026-07-15 12:07:00,FT-201 caudalímetro solución,Correctiva,Cambio de transmisor de caudal de solución por cortocircuito
2026-07-21 14:37:00,F-101 filtro de línea,Correctiva,Limpieza correctiva de filtro obstruido
2026-07-28 12:44:00,TK-101 radar de nivel,Correctiva,Limpieza de antena del radar por costra de asfalto
2026-07-29 12:16:00,MC-01 rodamientos del molino,Correctiva,Cambio de rodamientos del molino
2026-07-31 13:42:00,E-301 intercambiador de calor,Correctiva,Limpieza química del intercambiador
2026-08-01 14:00:00,Planta completa,Preventiva mensual,"Limpieza de filtro, intercambiador y antena del radar; reapriete de borneras de instrumentación; mantención de caldera; lubricación de rodamientos"
2026-08-17 12:45:00,F-101 filtro de línea,Correctiva,Limpieza correctiva de filtro obstruido
2026-08-18 10:48:00,TK-101 radar de nivel,Correctiva,Limpieza de antena del radar por costra de asfalto
2026-08-24 18:34:00,FT-201 caudalímetro solución,Correctiva,Cambio de transmisor de caudal de solución por cortocircuito
2026-08-27 16:17:00,E-301 intercambiador de calor,Correctiva,Limpieza química del intercambiador
2026-09-04 13:46:00,F-101 filtro de línea,Correctiva,Limpieza correctiva de filtro obstruido
2026-09-05 14:00:00,Planta completa,Preventiva mensual,"Limpieza de filtro, intercambiador y antena del radar; reapriete de borneras de instrumentación; mantención de caldera; lubricación de rodamientos"
2026-09-21 11:33:00,TK-101 radar de nivel,Correctiva,Limpieza de antena del radar por costra de asfalto
2026-09-24 13:48:00,F-101 filtro de línea,Correctiva,Limpieza correctiva de filtro obstruido
2026-10-01 17:02:00,MC-01 rodamientos del molino,Correctiva,Cambio de rodamientos del molino
2026-10-03 14:00:00,Planta completa,Preventiva mensual,"Limpieza de filtro, intercambiador y antena del radar; reapriete de borneras de instrumentación; secado y sellado del transmisor de caudal; mantención de caldera; lubricación de rodamientos"
2026-10-05 12:49:00,TK-101 caldera / calefactor de betún,Correctiva,Reparación de caldera / resistencia de calefacción del betún
2026-10-21 16:34:00,F-101 filtro de línea,Correctiva,Limpieza correctiva de filtro obstruido
2026-10-28 11:29:00,TK-101 radar de nivel,Correctiva,Limpieza de antena del radar por costra de asfalto
2026-10-28 19:14:00,E-301 intercambiador de calor,Correctiva,Limpieza química del intercambiador
2026-11-03 15:43:00,TK-101 caldera / calefactor de betún,Correctiva,Reparación de caldera / resistencia de calefacción del betún
2026-11-03 18:07:00,FT-201 caudalímetro solución,Correctiva,Cambio de transmisor de caudal de solución por cortocircuito
2026-11-07 14:00:00,Planta completa,Preventiva mensual,"Limpieza de filtro, intercambiador y antena del radar; lubricación de rodamientos"
2026-11-23 09:39:00,TT-101 Pt100 betún,Correctiva,Reparación de cableado y borneras de la Pt100
2026-11-23 15:08:00,TK-101 radar de nivel,Correctiva,Limpieza de antena del radar por costra de asfalto
2026-11-27 13:53:00,F-101 filtro de línea,Correctiva,Limpieza correctiva de filtro obstruido
2026-12-01 10:03:00,TK-101 caldera / calefactor de betún,Correctiva,Reparación de caldera / resistencia de calefacción del betún
2026-12-05 14:00:00,Planta completa,Preventiva mensual,"Limpieza de filtro, intercambiador y antena del radar; reapriete de borneras de instrumentación; secado y sellado del transmisor de caudal; lubricación de rodamientos"
2026-12-22 13:32:00,F-101 filtro de línea,Correctiva,Limpieza correctiva de filtro obstruido
2026-12-24 14:25:00,E-301 intercambiador de calor,Correctiva,Limpieza química del intercambiador
2026-12-28 11:38:00,TK-101 radar de nivel,Correctiva,Limpieza de antena del radar por costra de asfalto
